entity_id	business_name	business_address	country
S2-00001	Sharma Book Depot LLC	266 Main St, Surat 49755	India
S2-00002	Blue Ridge Logistics Corporation	634 Main St, Riverside 79804	US
S2-00003	Blue Ridge Logistics & Co	634 Main St, Riverside 79804	US
S2-00004	Kumar Electronics Pvt Ltd	574 Park Lane, Pune 51444	India
S2-00005	Shree Ganesh Motors LLC	825 Main St, Pune	India
S2-00006	Kumar Electronics & Co	590 MG Road, Nagpur 34823	India
S2-00007	Blue Ridge Logistics Pvt Ltd	837 Main St, Springfield	US
S2-00008	Cascade Software Inc Corp	760 Park Lane, Springfield 15989	US
S2-00009	Evergreen Landscaping & Co	295 Church Rd, Indore 93066	India
S2-00010	Northstar Freight Corp	897 Station Rd, Surat	India
S2-00011	Shree Ganesh Motors	162 Station Rd, Surat 73866	India
S2-00012	Golden Gate Consulting	829 Main St, Surat 92980	India
S2-00013	Liberty Hardware Corp	15 5th Ave, Springfield 98573	US
S2-00014	Sharma Book Depot Inc	211 Main St, Riverside 58089	US
S2-00015	Blue Ridge Logistics	346 MG Road, Indore 54335	India
S2-00016	Shree Ganesh Motors	344 MG Road, Fairview 92148	US
S2-00017	Pioneer Auto Parts Pvt Ltd	86 Park Lane, Riverside 44198	US
S2-00018	Om Sai Traders	842 Main St, Springfield 69193	US
S2-00019	Shree Ganesh Motors Corp	657 5th Ave, Pune 38297	India
S2-00020	Rajesh General Store LLC	508 Church Rd, Indore 75358	India
S2-00021	Sharma Book Depot Inc	134 5th Ave, Springfield 68797	US
S2-00022	Liberty Hardware LLC	735 Church Rd, Pune 29840	India
S2-00023	Liberty Hardware Pvt Ltd	467 5th Ave, Indore 19874	India
S2-00024	Pioneer Auto Parts & Co	959 Main St, Pune 23003	India
S2-00025	Sunrize Bakery & Co	11 5th Ave, Nagpur 19242	India
S2-00026	Northstar Freight Inc	8 Station Rd, Riverside 13230	US
S2-00027	Northstar Freight Corp	8 Station Rd, Riverside 13230	US
S2-00028	Golden Gate Consulting Pvt Ltd	608 5th Ave, Pune	India
S2-00029	Golden Gate Consulting Corp	949 Station Rd, Nagpur 49063	India
S2-00030	Rajesh General Store Pvt Ltd	457 Station Rd, Georgetown 65273	US
S2-00031	Rajesh General Store LLC	770 Station Rd, Surat	India
S2-00032	Golden Gate Consulting	105 Park Lane, Indore 98152	India
S2-00033	Golden Gate Consulting Inc	105 Park Lane, Indore 98152	India
S2-00034	Northstar Freight Pvt Ltd	489 5th Ave, Surat 51712	India
S2-00035	Golden Gate Consulting Inc	909 Main St, Nagpur	India
S2-00036	Rajesh General Store Corp	35 Park Lane, Fairview 34478	US
S2-00037	Rajesh General Store & Co	890 Station Rd, Riverside 56277	US
S2-00038	Golden Gate Consulting	167 Main St, Riverside	US
S2-00039	Evergreen Landscaping Inc	407 Church Rd, Fairview 54499	US
S2-00040	Patel Textiles Inc	262 MG Road, Pune 34920	India
S2-00041	Rajesh General Store Corp	238 MG Road, Pune	India
S2-00042	Anand Pharmacy	292 5th Ave, Springfield 77539	US
S2-00043	Liberty Hardware & Co	995 Main St, Indore 81648	India
S2-00044	Sharma Book Depot Corp	315 Church Rd, Riverside 92380	US
S2-00045	Blue Ridge Logistics Corp	784 5th Ave, Fairview 75108	US
S2-00046	Anand Pharmacy LLC	362 Park Lane, Fairview 24157	US
S2-00047	Anand Pharmacy Inc	869 Station Rd, Pune 89207	India
S2-00048	Patel Textiles Corporation	967 Park Lane, Pune 51308	India
S2-00049	Sharma Book Depot & Co	353 MG Road, Fairview 56708	US
S2-00050	Om Sai Traders Pvt Ltd	841 Main St, Pune 97028	India
S2-00051	Sunrise Bakery Pvt Ltd	807 Station Rd, Fairview 65990	US
S2-00052	Sunrise Bakery	807 Station Rd, Fairview 65990	US
S2-00053	Sunrise Bakery & Co	481 Church Rd, Pune 84776	India
S2-00054	Kumar Electronics	601 5th Ave, Indore 30061	India
S2-00055	Rajesh General Store	299 MG Road, Indore 62908	India
S2-00056	Evergreen Landscaping	129 Park Lane, Riverside 72968	US
S2-00057	Cascade Software Inc LLC	543 5th Ave, Nagpur	India
S2-00058	Cascade Software Inc Inc	195 MG Road, Surat 10776	India
S2-00059	Northstar Freight	476 MG Road, Pune 63954	India
S2-00060	Liberty Hardware Corp	687 Park Lane, Nagpur 62979	India
S2-00061	Liberty Hardware Corp	687 Park Lane, Nagpur 62979	India
S2-00062	Pioneer Auto Parts Corporation	844 Station Rd, Springfield 92735	US
S2-00063	Golden Gate Consulting & Co	775 5th Ave, Surat 15059	India
S2-00064	Blue Ridge Logistics Pvt Ltd	85 Church Rd, Riverside	US
S2-00065	Liberty Hardware Corporation	319 Station Rd, Georgetown 88702	US
S2-00066	Liberty Hardware Corporation	127 Main St, Pune 33211	India
S2-00067	Northstar Freight LLC	342 Main St, Riverside 71785	US
S2-00068	Sunrise Bakery LLC	968 5th Ave, Nagpur 30837	India
S2-00069	Golden Gate Consulting Pvt Ltd	361 5th Ave, Fairview 65148	US
S2-00070	Rajesh General Store	953 5th Ave, Springfield 32539	US
S2-00071	Sunrise Bakery LLC	587 Main St, Fairview 98288	US
S2-00072	Pioneer Auto Parts Corp	254 Station Rd, Nagpur 38398	India
S2-00073	Liberty Hardware LLC	943 Park Lane, Pune 46159	India
S2-00074	Rajesh General Store LLC	283 5th Ave, Pune 61219	India
S2-00075	Rajesh General Store Corp	283 5th Ave, Pune 61219	India
S2-00076	Sun Rise Bakery Corp	699 Main St, Surat 37285	India
S2-00077	Sunrize Bakery Corp	78 Park Lane, Pune 81422	India
S2-00078	Rajesh General Store Corporation	798 Station Rd, Fairview 89053	US
S2-00079	Rajesh General Store Pvt Ltd	798 Station Rd, Fairview 89053	US
S2-00080	Golden Gate Consulting	945 5th Ave, Nagpur 20214	India
S2-00081	Sharma Book Depot LLC	419 Church Rd, Fairview 99609	US
S2-00082	Golden Gate Consulting Pvt Ltd	374 Church Rd, Fairview 89804	US
S2-00083	Golden Gate Consulting	374 Church Rd, Fairview 89804	US
S2-00084	Patel Textiles	675 5th Ave, Springfield 27931	US
S2-00085	Sunrise Bakery Corp	717 Church Rd, Surat 24030	India
S2-00086	Om Sai Traders	231 MG Road, Pune 76712	India
S2-00087	Northstar Freight Pvt Ltd	938 Station Rd, Indore 57082	India
S2-00088	Pioneer Auto Parts	158 Park Lane, Riverside 34502	US
S2-00089	Northstar Freight & Co	526 Park Lane, Surat 84172	India
S2-00090	Golden Gate Consulting Inc	531 MG Road, Springfield	US
S2-00091	Blue Ridge Logistics	240 Main St, Pune	India
S2-00092	Sunrise Bakery	597 Main St, Indore 54213	India
S2-00093	Anand Pharmacy Pvt Ltd	230 Park Lane, Surat 72551	India
S2-00094	Golden Gate Consulting Corporation	955 Church Rd, Nagpur 78469	India
S2-00095	Pioneer Auto Parts Inc	159 Main St, Riverside	US
S2-00096	Northstar Freight & Co	197 Park Lane, Nagpur 54428	India
S2-00097	Cascade Software Inc Pvt Ltd	649 5th Ave, Surat 84807	India
S2-00098	Shree Ganesh Motors Corporation	773 5th Ave, Springfield 61649	US
S2-00099	Shree Ganesh Motors	773 5th Ave, Springfield 61649	US
S2-00100	Northstar Freight Corp	390 MG Road, Pune	India
S2-00101	Liberty Hardware LLC	86 MG Road, Pune 41342	India
S2-00102	Sharma Book Depot Pvt Ltd	477 5th Ave, Indore	India
S2-00103	Northstar Freight	979 Main St, Surat 60532	India
S2-00104	Liberty Hardware & Co	907 5th Ave, Springfield	US
S2-00105	Sharma Book Depot Corporation	528 MG Road, Springfield 74940	US
S2-00106	Sun Rise Bakery LLC	100 MG Road, Fairview 96948	US
S2-00107	Sharma Book Depot	849 Park Lane, Riverside 46283	US
S2-00108	Rajesh General Store Pvt Ltd	288 Park Lane, Nagpur 50992	India
S2-00109	Golden Gate Consulting Corp	483 Park Lane, Pune 78712	India
S2-00110	Sharma Book Depot	254 Station Rd, Riverside 12757	US
S2-00111	Liberty Hardware Inc	398 Church Rd, Nagpur 78961	India
S2-00112	Liberty Hardware LLC	601 5th Ave, Fairview 15943	US
S2-00113	Golden Gate Consulting	929 Park Lane, Pune 35470	India
S2-00114	Om Sai Traders LLC	813 MG Road, Springfield 38387	US
S2-00115	Om Sai Traders & Co	813 MG Road, Springfield 38387	US
S2-00116	Patel Textiles Inc	691 Main St, Pune	India
S2-00117	Om Sai Traders & Co	372 Station Rd, Indore	India
S2-00118	Sunrise Bakery Corp	609 Main St, Riverside 37343	US
S2-00119	Rajesh General Store & Co	643 Church Rd, Nagpur 17098	India
S2-00120	Northstar Freight & Co	88 Church Rd, Georgetown 92960	US
S2-00121	Northstar Freight Corporation	88 Church Rd, Georgetown 92960	US
S2-00122	Blue Ridge Logistics & Co	703 5th Ave, Pune 24606	India
S2-00123	Evergreen Landscaping	804 MG Road, Pune 76725	India
S2-00124	Evergreen Landscaping LLC	804 MG Road, Pune 76725	India
S2-00125	Sunrise Bakery & Co	418 Main St, Georgetown 73089	US
S2-00126	Sharma Book Depot LLC	965 Church Rd, Fairview 87142	US
S2-00127	Golden Gate Consulting	702 Park Lane, Springfield 16756	US
S2-00128	Northstar Freight & Co	853 5th Ave, Fairview 25009	US
S2-00129	Rajesh General Store	377 Main St, Surat 41967	India
S2-00130	Evergreen Landscaping	671 Station Rd, Georgetown 55122	US
S2-00131	Om Sai Traders Corporation	602 Church Rd, Riverside 41216	US
S2-00132	Om Sai Traders LLC	178 Church Rd, Pune 68575	India
S2-00133	Evergreen Landscaping Corporation	836 Main St, Surat 85467	India
S2-00134	Om Sai Traders & Co	131 Park Lane, Fairview 15382	US
S2-00135	Anand Pharmacy Corporation	502 MG Road, Riverside 87153	US
S2-00136	Liberty Hardware Corporation	757 5th Ave, Springfield 52867	US
S2-00137	Sharma Book Depot Corporation	740 Station Rd, Surat 80921	India
S2-00138	Kumar Electronics	72 Park Lane, Nagpur 38638	India
S2-00139	Cascade Software Inc Corporation	591 Church Rd, Georgetown 94020	US
S2-00140	Rajesh General Store LLC	882 5th Ave, Fairview 41466	US
S2-00141	Sharma Book Depot Corporation	694 Station Rd, Nagpur	India
S2-00142	Pioneer Auto Parts Pvt Ltd	303 5th Ave, Georgetown 59656	US
S2-00143	Sharma Book Depot Pvt Ltd	587 Park Lane, Pune 94854	India
S2-00144	Sharma Book Depot LLC	587 Park Lane, Pune 94854	India
S2-00145	Rajesh General Store	995 Station Rd, Fairview 87599	US
S2-00146	Golden Gate Consulting Inc	480 Church Rd, Indore 15439	India
S2-00147	Shree Ganesh Motors Corp	261 MG Road, Surat 12906	India
S2-00148	Shree Ganesh Motors LLC	261 MG Road, Surat 12906	India
S2-00149	Rajesh General Store & Co	339 5th Ave, Surat 26713	India
S2-00150	Om Sai Traders Corporation	935 Station Rd, Georgetown 56404	US
S2-00151	Sharma Book Depot Pvt Ltd	374 Park Lane, Pune 83090	India
S2-00152	Blue Ridge Logistics	973 Main St, Surat 41122	India
S2-00153	Northstar Freight & Co	432 Main St, Pune 48840	India
S2-00154	Golden Gate Consulting Corporation	128 Church Rd, Riverside	US
S2-00155	Sunrise Bakery	772 MG Road, Riverside 36004	US
S2-00156	Patel Textiles & Co	473 Church Rd, Riverside 68946	US
S2-00157	Sunrise Bakery	110 Main St, Indore 50956	India
S2-00158	Cascade Software Inc Inc	911 MG Road, Springfield	US
S2-00159	Anand Pharmacy	944 5th Ave, Pune 68270	India
S2-00160	Blue Ridge Logistics Pvt Ltd	926 MG Road, Fairview 84834	US
S2-00161	Cascade Software Inc Pvt Ltd	984 Main St, Springfield	US
S2-00162	Northstar Freight Inc	214 Park Lane, Riverside 40084	US
S2-00163	Northstar Freight LLC	574 Church Rd, Indore 93859	India
S2-00164	Rajesh General Store Pvt Ltd	240 Church Rd, Riverside 51135	US
S2-00165	Northstar Freight Inc	479 Station Rd, Indore 31470	India
S2-00166	Pioneer Auto Parts Corp	332 Park Lane, Springfield 91513	US
S2-00167	Northstar Freight Corp	105 Main St, Surat 33883	India
S2-00168	Sharma Book Depot Pvt Ltd	617 Station Rd, Riverside 14315	US
S2-00169	Liberty Hardware Pvt Ltd	377 Park Lane, Pune 36742	India
S2-00170	Shree Ganesh Motors Corp	90 Station Rd, Georgetown 37244	US
S2-00171	Liberty Hardware	489 Church Rd, Riverside 10376	US
S2-00172	Rajesh General Store Corporation	460 Park Lane, Riverside	US
S2-00173	Kumar Electronics Corporation	659 Park Lane, Georgetown 94540	US
S2-00174	Golden Gate Consulting Pvt Ltd	568 Park Lane, Springfield 93258	US
S2-00175	Northstar Freight Pvt Ltd	409 5th Ave, Surat 61758	India
S2-00176	Shree Ganesh Motors LLC	312 MG Road, Surat 86783	India
S2-00177	Patel Textiles	450 Park Lane, Georgetown 99353	US
S2-00178	Patel Textiles Corp	25 Park Lane, Riverside 75157	US
S2-00179	Evergreen Landscaping	966 5th Ave, Springfield 33460	US
S2-00180	Northstar Freight LLC	448 Station Rd, Georgetown 62016	US
S2-00181	Golden Gate Consulting LLC	164 Main St, Surat 23973	India
S2-00182	Shree Ganesh Motors Inc	290 Station Rd, Riverside 14234	US
S2-00183	Patel Textiles Inc	70 Park Lane, Pune 48497	India
S2-00184	Pioneer Auto Parts Pvt Ltd	317 Station Rd, Fairview 18918	US
S2-00185	Sunrise Bakery	378 Main St, Pune 17602	India
S2-00186	Sunrise Bakery LLC	160 Main St, Fairview 20649	US
S2-00187	Sunrise Bakery & Co	139 Church Rd, Springfield	US
S2-00188	Rajesh General Store Inc	119 Station Rd, Fairview 73862	US
S2-00189	Kumar Electronics	735 Park Lane, Surat 32027	India
S2-00190	Blue Ridge Logistics Inc	748 MG Road, Georgetown 20583	US
S2-00191	Anand Pharmacy LLC	97 5th Ave, Georgetown 79288	US
S2-00192	Cascade Software Inc & Co	560 Church Rd, Surat 41742	India
S2-00193	Blue Ridge Logistics LLC	871 Park Lane, Riverside 56255	US
S2-00194	Sunrise Bakery	147 Main St, Indore 37458	India
S2-00195	Blue Ridge Logistics	753 Park Lane, Georgetown 46112	US
S2-00196	Sharma Book Depot Corp	177 Main St, Indore 52403	India
S2-00197	Northstar Freight	813 Church Rd, Georgetown	US
S2-00198	Patel Textiles Corp	119 Station Rd, Nagpur 62349	India
S2-00199	Golden Gate Consulting Inc	571 Park Lane, Riverside	US
S2-00200	Om Sai Traders Pvt Ltd	990 Main St, Surat 30872	India
S2-00201	Sunrise Bakery & Co	741 MG Road, Pune 95007	India
S2-00202	Sunrise Bakery Inc	274 Station Rd, Nagpur 33490	India
S2-00203	Patel Textiles Inc	650 Church Rd, Pune 36115	India
S2-00204	Liberty Hardware Corporation	695 Station Rd, Springfield 13937	US
S2-00205	Patel Textiles Corp	240 Park Lane, Fairview 14138	US
S2-00206	Shree Ganesh Motors LLC	461 Station Rd, Riverside 55435	US
S2-00207	Kumar Electronics Inc	429 Main St, Indore 39890	India
S2-00208	Evergreen Landscaping LLC	683 Main St, Nagpur 74793	India
S2-00209	Evergreen Landscaping Pvt Ltd	158 5th Ave, Surat 68292	India
S2-00210	Golden Gate Consulting	956 Station Rd, Fairview 10290	US
S2-00211	Pioneer Auto Parts & Co	102 5th Ave, Nagpur 62157	India
S2-00212	Cascade Software Inc & Co	329 Park Lane, Surat 25724	India
S2-00213	Rajesh General Store Corporation	259 MG Road, Indore 77351	India
S2-00214	Shree Ganesh Motors & Co	971 Church Rd, Fairview 96000	US
S2-00215	Anand Pharmacy	425 Main St, Pune 46471	India
S2-00216	Sunrise Bakery Pvt Ltd	830 Station Rd, Georgetown 55833	US
S2-00217	Cascade Software Inc Pvt Ltd	762 Church Rd, Surat 86957	India
S2-00218	Rajesh General Store Corporation	316 5th Ave, Georgetown	US
S2-00219	Blue Ridge Logistics Inc	465 Church Rd, Fairview 75156	US
S2-00220	Sharma Book Depot Pvt Ltd	159 Station Rd, Surat 43078	India
S2-00221	Patel Textiles & Co	741 Church Rd, Nagpur 57286	India
S2-00222	Liberty Hardware Inc	666 Church Rd, Pune 27004	India
S2-00223	Blue Ridge Logistics	200 MG Road, Springfield	US
S2-00224	Kumar Electronics LLC	52 Church Rd, Nagpur 83809	India
S2-00225	Rajesh General Store Corporation	310 Main St, Riverside 71330	US
S2-00226	Sunrise Bakery Corporation	903 Main St, Pune 24425	India
S2-00227	Northstar Freight Corporation	375 Church Rd, Nagpur 96133	India
S2-00228	Liberty Hardware Pvt Ltd	220 Station Rd, Pune 44971	India
S2-00229	Liberty Hardware & Co	909 Park Lane, Surat	India
S2-00230	Evergreen Landscaping Pvt Ltd	790 Station Rd, Fairview 27937	US
S2-00231	Patel Textiles Corporation	820 MG Road, Surat 31268	India
S2-00232	Blue Ridge Logistics & Co	823 MG Road, Nagpur 22700	India
S2-00233	Anand Pharmacy Corporation	90 5th Ave, Indore 56695	India
S2-00234	Kumar Electronics Pvt Ltd	778 MG Road, Riverside 10197	US
S2-00235	Northstar Freight & Co	655 MG Road, Fairview 83108	US
S2-00236	Shree Ganesh Motors Corp	731 Main St, Riverside 23863	US
S2-00237	Liberty Hardware & Co	401 Main St, Georgetown 28456	US
S2-00238	Sunrise Bakery	648 5th Ave, Springfield 89627	US
S2-00239	Golden Gate Consulting	595 Church Rd, Springfield 49600	US
S2-00240	Pioneer Auto Parts Corp	464 Church Rd, Indore 92139	India
S2-00241	Northstar Freight Inc	268 Park Lane, Fairview 21229	US
S2-00242	Northstar Freight LLC	692 MG Road, Georgetown 96331	US
S2-00243	Patel Textiles LLC	817 Park Lane, Riverside 17374	US
S2-00244	Patel Textiles Corp	232 Park Lane, Fairview	US
S2-00245	Liberty Hardware	770 MG Road, Nagpur	India
S2-00246	Om Sai Traders Corp	561 Church Rd, Riverside 55019	US
S2-00247	Pioneer Auto Parts LLC	900 Station Rd, Indore 12388	India
S2-00248	Golden Gate Consulting Corp	562 Church Rd, Springfield 32805	US
S2-00249	Sunrise Bakery Pvt Ltd	542 Church Rd, Georgetown 51615	US
S2-00250	Om Sai Traders Corporation	149 Park Lane, Pune 73155	India
S2-00251	Sunrise Bakery	871 Church Rd, Springfield 24337	US
S2-00252	Patel Textiles Corporation	199 Station Rd, Springfield 40114	US
S2-00253	Pioneer Auto Parts Inc	979 MG Road, Georgetown 79489	US
S2-00254	Pioneer Auto Parts Pvt Ltd	402 5th Ave, Pune 39224	India
S2-00255	Pioneer Auto Parts Pvt Ltd	12 Station Rd, Georgetown 36367	US
S2-00256	Rajesh General Store & Co	954 5th Ave, Riverside 48647	US
S2-00257	Patel Textiles LLC	503 Park Lane, Indore 77683	India
S2-00258	Shree Ganesh Motors Inc	341 Church Rd, Surat 62899	India
S2-00259	Pioneer Auto Parts & Co	220 Main St, Surat 62843	India
S2-00260	Anand Pharmacy & Co	133 Station Rd, Nagpur 32388	India
S2-00261	Kumar Electronics Inc	515 MG Road, Fairview 34242	US
S2-00262	Kumar Electronics Pvt Ltd	445 5th Ave, Nagpur	India
S2-00263	Cascade Software Inc	755 Station Rd, Springfield 22382	US
S2-00264	Blue Ridge Logistics LLC	662 5th Ave, Riverside 22556	US
S2-00265	Shree Ganesh Motors Corp	588 MG Road, Nagpur 88275	India
S2-00266	Rajesh General Store Corporation	144 Main St, Surat 22523	India
S2-00267	Anand Pharmacy Corp	947 5th Ave, Riverside 98653	US
S2-00268	Blue Ridge Logistics Pvt Ltd	345 Station Rd, Pune 61944	India
S2-00269	Sunrise Bakery Corp	446 MG Road, Fairview 66031	US
S2-00270	Patel Textiles	623 Park Lane, Georgetown 60281	US
S2-00271	Patel Textiles Corporation	92 5th Ave, Riverside 10814	US
S2-00272	Sharma Book Depot Corp	572 Station Rd, Riverside 69529	US
S2-00273	Evergreen Landscaping Pvt Ltd	480 MG Road, Riverside	US
S2-00274	Evergreen Landscaping Pvt Ltd	135 Main St, Riverside 89536	US
S2-00275	Shree Ganesh Motors Inc	8 Park Lane, Riverside 64277	US
S2-00276	Golden Gate Consulting Inc	975 5th Ave, Fairview	US
S2-00277	Sharma Book Depot Inc	658 Church Rd, Nagpur 54509	India
S2-00278	Anand Pharmacy LLC	606 MG Road, Fairview 22179	US
S2-00279	Kumar Electronics Corp	927 Park Lane, Fairview	US
S2-00280	Patel Textiles Corporation	605 MG Road, Indore 78051	India
S2-00281	Golden Gate Consulting Inc	444 Park Lane, Fairview 72096	US
S2-00282	Cascade Software Inc Inc	748 Church Rd, Georgetown 54164	US
S2-00283	Rajesh General Store Corporation	821 MG Road, Fairview 46842	US
S2-00284	Evergreen Landscaping	754 MG Road, Georgetown 43510	US
S2-00285	Sharma Book Depot Pvt Ltd	684 Main St, Springfield 61161	US
S2-00286	Kumar Electronics	584 Station Rd, Nagpur 38302	India
S2-00287	Anand Pharmacy Pvt Ltd	734 Church Rd, Pune 30918	India
S2-00288	Sharma Book Depot Pvt Ltd	219 MG Road, Springfield 12205	US
S2-00289	Rajesh General Store Corp	505 5th Ave, Fairview 85351	US
S2-00290	Blue Ridge Logistics Corporation	828 Church Rd, Springfield 91296	US
S2-00291	Northstar Freight Corporation	811 Church Rd, Nagpur 11596	India
S2-00292	Patel Textiles	987 MG Road, Indore 55347	India
S2-00293	Golden Gate Consulting LLC	361 5th Ave, Springfield 94136	US
S2-00294	Sunrise Bakery Pvt Ltd	841 5th Ave, Surat 48522	India
S2-00295	Blue Ridge Logistics & Co	466 Church Rd, Springfield 11794	US
S2-00296	Evergreen Landscaping	403 5th Ave, Georgetown 38820	US
S2-00297	Sunrise Bakery Inc	404 Main St, Georgetown 32434	US
S2-00298	Sunrise Bakery & Co	646 MG Road, Surat 77356	India
S2-00299	Rajesh General Store Corp	34 Station Rd, Surat 92609	India
S2-00300	Sharma Book Depot Inc	347 5th Ave, Georgetown 84436	US
S2-00301	Om Sai Traders	123 5th Ave, Riverside 53247	US
S2-00302	Evergreen Landscaping Corp	591 5th Ave, Surat 60146	India
S2-00303	Evergreen Landscaping LLC	167 Park Lane, Georgetown 63742	US
S2-00304	Blue Ridge Logistics LLC	454 Station Rd, Indore 94322	India
S2-00305	Om Sai Traders LLC	498 Park Lane, Fairview 20255	US
S2-00306	Blue Ridge Logistics Corp	29 MG Road, Riverside	US
S2-00307	Cascade Software Inc Pvt Ltd	14 MG Road, Riverside	US
S2-00308	Anand Pharmacy Pvt Ltd	628 Station Rd, Riverside 17860	US
S2-00309	Rajesh General Store Corporation	346 5th Ave, Springfield 45139	US
S2-00310	Patel Textiles Inc	60 MG Road, Indore 57077	India
S2-00311	Om Sai Traders Corporation	247 5th Ave, Nagpur 59604	India
S2-00312	Cascade Software Inc Corporation	173 Station Rd, Riverside 13521	US
S2-00313	Cascade Software Inc Pvt Ltd	113 Station Rd, Riverside 36344	US
S2-00314	Anand Pharmacy	513 Main St, Surat 56258	India
S2-00315	Blue Ridge Logistics Inc	295 Main St, Riverside 48596	US
S2-00316	Pioneer Auto Parts Inc	595 Church Rd, Fairview	US
S2-00317	Patel Textiles Pvt Ltd	954 MG Road, Riverside 23539	US
S2-00318	Shree Ganesh Motors Inc	360 Station Rd, Fairview	US
S2-00319	Liberty Hardware Inc	327 Park Lane, Indore 47146	India
S2-00320	Liberty Hardware & Co	475 Main St, Fairview	US
S2-00321	Sharma Book Depot Pvt Ltd	299 5th Ave, Springfield 92175	US
S2-00322	Cascade Software Inc	51 Church Rd, Surat 64054	India
S2-00323	Om Sai Traders Inc	167 5th Ave, Pune 80162	India
S2-00324	Golden Gate Consulting Corporation	524 Park Lane, Fairview 29541	US
S2-00325	Patel Textiles Corp	889 Station Rd, Springfield 23481	US
S2-00326	Rajesh General Store Corp	753 Main St, Pune 72589	India
S2-00327	Golden Gate Consulting Corporation	93 Church Rd, Nagpur	India
S2-00328	Golden Gate Consulting LLC	349 Station Rd, Nagpur 54601	India
S2-00329	Anand Pharmacy Inc	718 Station Rd, Pune 69003	India
S2-00330	Sunrise Bakery & Co	450 Main St, Riverside 53879	US
S2-00331	Shree Ganesh Motors	751 MG Road, Indore 56251	India
S2-00332	Patel Textiles & Co	207 Park Lane, Pune 92375	India
S2-00333	Liberty Hardware Inc	23 Church Rd, Pune 66894	India
S2-00334	Kumar Electronics Inc	52 5th Ave, Riverside 95857	US
S2-00335	Om Sai Traders LLC	783 Main St, Nagpur 51600	India
S2-00336	Sunrise Bakery	282 Park Lane, Surat 69363	India
S2-00337	Blue Ridge Logistics Inc	171 Main St, Springfield	US
S2-00338	Northstar Freight Corp	509 5th Ave, Riverside 59091	US
S2-00339	Northstar Freight Inc	510 Station Rd, Pune 37910	India
S2-00340	Kumar Electronics Corp	43 Main St, Springfield 90590	US
S2-00341	Shree Ganesh Motors & Co	405 Park Lane, Pune 93350	India
S2-00342	Anand Pharmacy LLC	130 5th Ave, Indore 98186	India
S2-00343	Rajesh General Store LLC	470 Main St, Nagpur 44591	India
S2-00344	Anand Pharmacy	588 MG Road, Indore 77335	India
S2-00345	Shree Ganesh Motors Pvt Ltd	939 Main St, Indore 19992	India
S2-00346	Sharma Book Depot Corporation	7 Station Rd, Pune 53133	India
S2-00347	Cascade Software Inc Corp	690 Church Rd, Springfield 12397	US
S2-00348	Golden Gate Consulting & Co	113 Park Lane, Springfield 41000	US
S2-00349	Sharma Book Depot LLC	804 MG Road, Indore 62610	India
S2-00350	Pioneer Auto Parts Pvt Ltd	339 MG Road, Pune 85527	India
S2-00351	Kumar Electronics Corporation	94 Station Rd, Nagpur 44374	India
S2-00352	Golden Gate Consulting LLC	971 Station Rd, Nagpur 82243	India
S2-00353	Shree Ganesh Motors Corporation	97 Park Lane, Pune 32606	India
S2-00354	Evergreen Landscaping Corporation	990 MG Road, Riverside 60317	US
S2-00355	Blue Ridge Logistics Corporation	46 Park Lane, Indore 45406	India
S2-00356	Kumar Electronics Inc	850 MG Road, Pune 91571	India
S2-00357	Patel Textiles LLC	712 MG Road, Riverside 68392	US
S2-00358	Om Sai Traders Corporation	117 5th Ave, Springfield 59657	US
S2-00359	Patel Textiles	13 Station Rd, Georgetown 37813	US
S2-00360	Shree Ganesh Motors	787 Station Rd, Georgetown 44646	US
S2-00361	Blue Ridge Logistics	264 Main St, Georgetown 86155	US
S2-00362	Evergreen Landscaping	494 MG Road, Indore 40333	India
S2-00363	Anand Pharmacy LLC	453 5th Ave, Springfield 60150	US
S2-00364	Sunrise Bakery LLC	733 5th Ave, Pune 13947	India
S2-00365	Blue Ridge Logistics Inc	247 Station Rd, Surat 66821	India
S2-00366	Shree Ganesh Motors Corporation	40 5th Ave, Riverside 48734	US
S2-00367	Northstar Freight Corporation	401 5th Ave, Pune	India
S2-00368	Blue Ridge Logistics LLC	917 MG Road, Fairview	US
S2-00369	Rajesh General Store Corp	143 Main St, Fairview 63405	US
S2-00370	Sunrise Bakery Corporation	353 MG Road, Pune 11310	India
S2-00371	Evergreen Landscaping Inc	351 MG Road, Pune 98632	India
S2-00372	Patel Textiles	193 Park Lane, Indore 85386	India
S2-00373	Evergreen Landscaping Corp	857 5th Ave, Nagpur 76267	India
S2-00374	Patel Textiles LLC	574 Church Rd, Springfield 56881	US
S2-00375	Shree Ganesh Motors Corporation	190 Park Lane, Surat 22766	India
S2-00376	Blue Ridge Logistics Corporation	345 5th Ave, Surat 59042	India
S2-00377	Golden Gate Consulting Inc	361 Station Rd, Nagpur 37122	India
S2-00378	Blue Ridge Logistics LLC	609 Park Lane, Georgetown 86889	US
S2-00379	Evergreen Landscaping	140 MG Road, Springfield 84397	US
S2-00380	Sharma Book Depot	297 Park Lane, Fairview 90389	US
S2-00381	Liberty Hardware LLC	862 Park Lane, Georgetown 62857	US
S2-00382	Sunrise Bakery Corporation	172 5th Ave, Indore	India
S2-00383	Blue Ridge Logistics LLC	234 Park Lane, Nagpur 69982	India
S2-00384	Shree Ganesh Motors Inc	521 MG Road, Nagpur 13744	India
S2-00385	Anand Pharmacy Corp	212 MG Road, Indore	India
S2-00386	Rajesh General Store Pvt Ltd	233 Station Rd, Pune 89838	India
S2-00387	Blue Ridge Logistics Inc	740 MG Road, Nagpur 61143	India
S2-00388	Patel Textiles Inc	481 Station Rd, Nagpur	India
S2-00389	Northstar Freight Inc	354 Park Lane, Indore 48027	India
S2-00390	Golden Gate Consulting Pvt Ltd	613 Station Rd, Nagpur 70547	India
S2-00391	Anand Pharmacy Corp	781 Park Lane, Georgetown	US
S2-00392	Om Sai Traders LLC	707 MG Road, Surat	India
S2-00393	Blue Ridge Logistics Corp	315 5th Ave, Nagpur 37412	India
S2-00394	Sunrise Bakery	958 5th Ave, Riverside 47167	US
S2-00395	Sunrise Bakery Corporation	968 Church Rd, Riverside	US
S2-00396	Patel Textiles & Co	575 Church Rd, Indore 82706	India
S2-00397	Sunrise Bakery Corporation	435 Station Rd, Georgetown 97740	US
S2-00398	Kumar Electronics Pvt Ltd	973 Park Lane, Springfield 42780	US
S2-00399	Pioneer Auto Parts & Co	42 5th Ave, Pune	India
S2-00400	Evergreen Landscaping	830 MG Road, Indore 87645	India
S2-00401	Cascade Software Inc & Co	108 Main St, Nagpur 94209	India
S2-00402	Blue Ridge Logistics	942 Main St, Pune 37238	India
S2-00403	Rajesh General Store & Co	119 Station Rd, Surat 21865	India
S2-00404	Pioneer Auto Parts & Co	280 5th Ave, Fairview 32433	US
S2-00405	Pioneer Auto Parts Inc	446 Park Lane, Fairview 11495	US
S2-00406	Liberty Hardware & Co	985 5th Ave, Pune 90737	India
S2-00407	Sharma Book Depot & Co	258 MG Road, Nagpur 37792	India
S2-00408	Rajesh General Store & Co	272 Main St, Georgetown 14907	US
S2-00409	Patel Textiles Corporation	637 Main St, Riverside 22823	US
S2-00410	Sharma Book Depot Inc	808 MG Road, Springfield	US
S2-00411	Blue Ridge Logistics Corporation	134 5th Ave, Nagpur	India
S2-00412	Shree Ganesh Motors Pvt Ltd	566 Church Rd, Fairview 42440	US
S2-00413	Rajesh General Store Inc	341 Main St, Fairview 23371	US
S2-00414	Shree Ganesh Motors Corp	488 Station Rd, Indore 34984	India
S2-00415	Northstar Freight Corp	220 Church Rd, Surat 44360	India
S2-00416	Blue Ridge Logistics Corp	611 Station Rd, Surat	India
S2-00417	Rajesh General Store Corporation	880 Station Rd, Riverside	US
S2-00418	Sharma Book Depot Corp	231 Park Lane, Indore 13200	India
S2-00419	Sharma Book Depot	950 Park Lane, Pune 91926	India
S2-00420	Anand Pharmacy	417 Main St, Riverside 94375	US
S2-00421	Pioneer Auto Parts LLC	109 Park Lane, Georgetown 15722	US
S2-00422	Sunrise Bakery	670 MG Road, Pune 11824	India
S2-00423	Sharma Book Depot LLC	36 Church Rd, Fairview 63984	US
S2-00424	Kumar Electronics	125 5th Ave, Nagpur 40324	India
S2-00425	Pioneer Auto Parts LLC	410 MG Road, Nagpur	India
S2-00426	Sharma Book Depot	134 5th Ave, Surat 96420	India
S2-00427	Kumar Electronics Corp	895 5th Ave, Pune 98158	India
S2-00428	Liberty Hardware Corporation	832 Church Rd, Nagpur 82407	India
S2-00429	Blue Ridge Logistics & Co	760 Park Lane, Nagpur	India
S2-00430	Liberty Hardware LLC	683 Park Lane, Surat 65162	India
S2-00431	Evergreen Landscaping & Co	237 Church Rd, Pune 80080	India
S2-00432	Patel Textiles Inc	312 Station Rd, Fairview 66930	US
S2-00433	Golden Gate Consulting Inc	331 Park Lane, Indore 37221	India
S2-00434	Golden Gate Consulting Corporation	105 5th Ave, Fairview 79982	US
S2-00435	Patel Textiles Corp	813 Park Lane, Georgetown 42084	US
S2-00436	Cascade Software Inc Corporation	884 Park Lane, Pune 72454	India
S2-00437	Northstar Freight	655 5th Ave, Pune 44950	India
S2-00438	Sunrise Bakery Pvt Ltd	204 Park Lane, Pune 17920	India
S2-00439	Liberty Hardware Corporation	824 Park Lane, Surat	India
S2-00440	Northstar Freight LLC	15 Church Rd, Pune	India
S2-00441	Blue Ridge Logistics Inc	341 Station Rd, Georgetown	US
S2-00442	Pioneer Auto Parts Inc	253 Park Lane, Pune 91297	India
S2-00443	Om Sai Traders Corp	917 Main St, Springfield 49529	US
S2-00444	Liberty Hardware Pvt Ltd	994 Church Rd, Fairview	US
S2-00445	Cascade Software Inc Pvt Ltd	94 MG Road, Riverside	US
S2-00446	Anand Pharmacy LLC	266 5th Ave, Surat	India
S2-00447	Shree Ganesh Motors Corp	647 5th Ave, Pune 77596	India
S2-00448	Cascade Software Inc Corp	789 Station Rd, Georgetown 40269	US
